Total words,Number words male,Number words female,Number of words lead,Difference in words lead and co-lead,Number of male actors,Year,Number of female actors,Gross,Mean Age Male,Mean Age Female,Age Lead,Age Co-Lead,Lead
6394,2631,1512,2251,343,2,1995,5,142,51.5,42.33333333,46,65,Female
8780,5236,1524,2020,1219,9,2001,4,37,39.125,29.33333333,58,34,Male
4176,3079,155,942,787,7,1968,1,376,42.5,37,46,37,Male
9855,5342,1073,3440,2623,12,2002,2,19,35.22222222,21.5,33,23,Male
7688,2536,1317,3835,3149,8,1988,4,40,45.25,45,36,39,Male
5872,2889,1492,1491,994,11,1997,4,327,45.90909091,36.5,55,41,Male
5322,2631,1500,1191,287,6,1980,3,269,47,24.5,61,25,Male
6098,3057,349,2692,2472,9,1988,2,53,43,31,48,31,Male
8851,3952,857,4042,3476,13,2001,2,89,47.41666667,28.5,33,27,Male
9626,5403,2619,1604,869,9,1973,6,565,26.5,22,20,26,Male
12705,7024,759,4922,4163,12,2002,1,48,50.55555556,39,54,39,Male
12995,1333,4001,7661,3942,5,1977,3,152,41.6,39.33333333,42,31,Male
9925,5300,1141,3484,2920,6,1997,3,1,50.6,36.5,62,32,Male
5323,1481,1544,2298,1306,5,1997,4,102,41.8,39.5,34,32,Male
2081,1141,0,940,508,4,1999,1,351,48,29,29,57,Female
11729,4314,2417,4998,4273,8,1990,6,107,42,57.2,39,85,Male
4498,2947,832,719,200,11,1984,3,99,38.85714286,36.66666667,30,23,Male
11252,4164,3133,3955,1965,7,1995,5,131,32.28571429,34,30,29,Male
3918,456,846,2616,1770,4,1992,1,4,55,28,53,28,Male
11361,5453,1729,4179,2930,9,2000,3,3,36.71428571,39.33333333,40,29,Male
7344,2292,2680,2372,521,6,1992,2,247,41.5,31.5,48,34,Male
7018,2717,1188,3113,2036,5,1992,2,341,52,31,48,34,Male
2856,1720,0,1136,343,4,1989,1,550,53,36,36,38,Female
10592,2593,1605,6394,5475,7,2000,2,64,29.57142857,32,26,40,Male
3142,1420,519,1203,896,4,1996,2,124,50.66666667,34,34,34,Male
12199,6162,2492,3545,2439,16,1994,5,3,43.16666667,43,43,40,Male
8715,2101,2173,4441,3401,5,2003,4,95,49.2,39.66666667,32,37,Male
4862,2303,404,2155,1751,6,1989,1,99,50.83333333,36,45,36,Male
11295,5433,3167,2695,1770,13,2006,9,29,43,33.2,28,32,Male
9141,1788,3511,3842,2185,8,1993,6,27,44.2,40,38,35,Male
12844,7758,693,4393,565,11,1992,2,255,42,33.5,29,37,Female
13781,7646,2844,3291,1699,16,1990,4,32,48.14285714,40.75,34,33,Male
6641,888,2468,3285,1268,4,2010,4,73,41.33333333,52.33333333,41,41,Male
5683,3103,1024,1556,684,11,1995,2,151,44.2,29,41,29,Male
7346,3319,1154,2873,2323,10,1985,3,24,47.33333333,27,38,27,Male
7266,2693,1711,2862,1493,7,1999,3,28,40.71428571,37,35,31,Male
5675,1875,1412,2388,976,8,1996,1,138,44.375,26,42,26,Male
12798,2802,3214,6782,4436,6,2003,3,350,53.2,36.33333333,41,34,Male
7380,4909,695,1776,190,9,2008,3,73,50.8,46,51,47,Female
5675,922,719,4034,3471,4,2000,2,377,42.5,37,44,37,Male
9653,2978,3657,3018,1361,4,2004,5,56,43.5,34,38,41,Female
9531,3299,1953,4279,3350,11,2004,3,44,32,41.66666667,23,52,Male
12860,8683,733,3444,1848,16,2008,4,43,42.86666667,36.5,33,40,Female
9016,3959,2689,2368,1267,9,1999,7,98,31.875,41.71428571,24,24,Male
8112,801,605,6706,6101,5,1994,1,2,51.25,33,48,33,Male
4555,2903,470,1182,712,9,2002,1,59,46,38,55,38,Male
7729,2924,945,3860,3372,10,2005,2,102,39.66666667,37,41,45,Male
11547,6677,0,4870,3383,11,1997,1,191,48,35,35,28,Female
5927,3941,1003,983,483,10,2003,3,49,37.28571429,25.66666667,44,31,Male
1870,406,823,641,24,2,1996,2,35,41.5,21,34,21,Male
8963,4354,1810,2799,1421,6,2002,2,12,45.33333333,48.5,33,43,Male
2662,379,972,1311,694,3,2008,4,5,40,28,40,28,Male
10750,5805,1521,3424,2964,13,2008,6,34,41.75,28.75,40,26,Male
5345,3117,1070,1158,770,9,1989,3,60,44.44444444,39.66666667,32,27,Male
5183,1657,773,2753,2218,3,2007,2,101,34.33333333,41,21,40,Male
13269,7966,1525,3778,2462,12,1997,2,79,44.5,28,57,28,Male
5916,3114,1467,1335,158,8,1981,2,18,53.5,29,27,29,Male
12303,3516,2080,6707,5497,11,1991,3,72,38,33.5,32,30,Male
5596,2558,1261,1777,1070,9,1984,2,70,47.66666667,46.5,25,39,Male
4318,992,1388,1938,1399,4,1990,5,116,29.25,35.8,42,22,Female
7732,2090,4113,1529,101,6,2008,5,122,33.5,51.66666667,22,32,Male
6562,3468,612,2482,1029,9,2007,3,20,45.44444444,37.33333333,38,43,Female
4596,2635,885,1076,748,8,1996,4,49,52,33.33333333,45,31,Male
2656,729,269,1658,1509,4,1999,2,95,45.66666667,31.5,37,23,Male
4507,1169,1433,1905,1066,6,1997,4,212,40,30.5,33,41,Male
6348,1570,2152,2626,1788,3,1986,4,164,31.33333333,22.5,24,19,Male
7223,4853,262,2108,1846,13,1997,1,120,49.54545455,22,42,22,Male
10362,3405,1144,5813,4870,3,1999,2,63,39.33333333,31.5,30,33,Male
2750,1842,436,472,1,6,2000,2,86,31.4,28,24,22,Female
5747,708,802,4237,3574,5,1985,2,114,44.2,27,42,25,Male
20433,6188,5777,8468,3049,10,2002,2,27,35.16666667,23,24,23,Male
8989,1994,1549,5446,4495,5,1994,3,686,43.4,32,38,10,Male
5370,1919,2432,1019,68,7,1989,5,31,26.5,20.5,62,20,Male
12554,8257,1686,2611,925,13,2009,1,174,42.91666667,29,29,29,Male
8192,4104,1432,2656,1132,9,1997,3,91,34.44444444,47.66666667,35,39,Female
2066,1151,409,506,267,5,2009,2,23,32.4,37,32,44,Male
5309,2558,458,2293,1835,9,1997,1,23,46.14285714,27,25,27,Male
8553,5283,1419,1851,560,12,2002,2,116,42.9,30,53,30,Male
13304,5568,1835,5901,4063,7,2003,5,85,47.5,49,37,38,Female
6224,2693,2246,1285,444,8,1990,4,85,46.71428571,46.5,46,31,Male
6805,1667,1684,3454,2439,9,1997,5,53,43.57142857,41.33333333,31,27,Male
8802,856,2727,5219,2757,4,1993,3,148,34.25,43,43,35,Male
4650,2151,1552,947,241,6,1995,5,30,55.25,38.2,67,29,Male
7565,4792,686,2087,1401,9,1998,1,36,44.11111111,28,29,28,Male
3398,1362,142,1894,1752,6,1990,1,97,35,37,38,37,Male
10686,5716,868,4102,3701,14,2004,4,25,31.25,27.33333333,32,26,Male
16708,10544,2440,3724,2077,15,2002,5,392,37.06666667,34.4,13,12,Male
7907,4557,1582,1768,870,11,2001,3,488,31.7,40.33333333,12,11,Male
14717,8307,3213,3197,1108,15,2004,5,348,36.2,44.8,15,14,Male
4960,3124,1098,738,376,13,1995,4,134,42.2,33.66666667,55,31,Male
8611,4180,1999,2432,1230,6,2008,2,91,56.4,32,58,36,Male
5092,2052,1544,1496,741,4,1992,5,26,35.66666667,27.66666667,29,31,Female
8450,5661,654,2135,1481,11,2000,1,20,39.57142857,29,42,29,Male
8240,2897,1440,3903,3081,7,1997,5,2,35.66666667,31.5,35,29,Male
7577,3982,2252,1343,541,8,2003,3,18,49.625,43.33333333,32,31,Male
6992,2421,1008,3563,2964,12,2004,3,32,42.2,36,40,36,Male
5745,2996,895,1854,503,5,2004,3,365,46.2,42,46,60,Female
5680,3816,849,1015,502,12,1996,2,602,42.75,35,44,38,Male
4279,1538,972,1769,797,7,1981,1,9,44.16666667,30,39,30,Male
5036,1171,1564,2301,737,5,1984,1,466,43.6,31,42,31,Male
8624,1297,3668,3659,1164,6,2003,6,50,47,38.5,42,34,Male
7061,2005,692,4364,4134,10,2009,4,21,41,43.5,48,32,Male
3497,2811,0,686,29,9,2003,1,152,41.14285714,28,28,34,Female
8599,2859,2229,3511,1542,7,1990,3,53,35.33333333,42.33333333,32,31,Male
7514,2925,1597,2992,1654,9,1991,2,2,54.22222222,33.5,43,34,Male
10170,1955,2898,5317,3592,6,1982,4,7,51,33,39,37,Male
6598,3319,744,2535,1918,9,2007,2,60,37.28571429,45,40,35,Male
9373,5884,1120,2369,1497,11,1997,2,122,43,47.5,30,44,Male
14205,6767,1103,6335,5844,7,1991,3,122,40.57142857,24.33333333,36,34,Male
8821,4621,1101,3099,2666,8,2009,4,85,49.16666667,37,42,35,Male
9950,5770,2468,1712,250,9,2010,3,44,42,35,56,27,Male
4597,2754,785,1058,547,6,1989,2,34,44,35.5,42,30,Male
6042,1287,3012,1743,99,6,2003,4,28,45.5,33.33333333,44,28,Male
5856,3657,0,2199,316,7,1996,1,65,48.14285714,40,40,48,Female
3708,2910,145,653,508,11,2003,1,543,41.90909091,36,64,36,Male
8255,4849,1212,2194,1337,11,2001,2,482,43.90909091,28,62,32,Male
4796,3746,206,844,638,13,2002,1,509,42.92307692,33,31,33,Male
7203,4288,1267,1648,983,8,1998,2,128,43,29,31,42,Male
7719,1326,859,5534,4970,6,1992,3,101,41.16666667,34.33333333,38,34,Male
11126,6124,1316,3686,2689,12,2003,3,49,37.1,33,33,33,Male
6843,2298,2015,2530,1510,5,2004,3,109,52.25,20.5,50,10,Male
10501,2240,4008,4253,1776,9,1992,4,8,49.875,36.25,55,38,Male
6294,4386,444,1464,1167,8,1998,2,105,38.8,38,24,38,Male
12260,6893,1463,3904,2828,9,2004,3,92,49.625,39.33333333,50,37,Male
9072,3704,1310,4058,3356,10,1986,3,20,35.375,29,33,28,Male
5375,2025,1583,1767,763,7,1994,3,249,38.5,27,32,22,Male
4737,1530,1084,2123,1247,3,1999,2,292,35,49,38,32,Male
1959,885,319,755,436,5,2008,1,49,35.33333333,25,37,25,Male
6718,3586,661,2471,1810,8,1997,1,473,43.42857143,39,51,39,Male
8285,3299,781,4205,3567,7,1997,2,60,38.4,35,36,24,Male
4514,2782,241,1491,1250,9,1978,1,130,34.28571429,24,29,24,Male
5893,3241,1062,1590,629,6,2000,2,98,39.66666667,37,36,35,Male
5908,2053,1490,2365,1614,7,2001,4,8,38.6,38.5,33,37,Male
9871,5144,1222,3505,3081,6,2007,4,36,48,40.75,52,20,Male
6165,4466,0,1699,89,9,1999,1,265,40,29,29,31,Female
6677,3011,1646,2020,478,5,1991,3,123,33.4,22,11,39,Female
9615,3308,1402,4905,2591,4,1997,4,240,46.33333333,47.25,30,34,Female
11352,5551,1177,4624,3771,9,1994,3,104,35.6,27.66666667,29,21,Male
10024,5836,807,3381,2902,17,1992,2,5,36.82352941,35,18,51,Male
4117,989,1186,1942,756,5,2007,1,22,54.25,25,43,25,Male
5051,2188,1117,1746,1046,6,1984,3,68,33.6,29.5,20,21,Female
10732,3285,4037,3410,939,3,2009,4,48,32.66666667,40.75,36,38,Female
5026,3538,167,1321,119,6,2008,2,32,36.66666667,36,24,40,Female
5409,1604,841,2964,2371,6,2001,2,72,46,40,33,40,Male
3306,1689,616,1001,204,3,2002,3,142,40.66666667,32.66666667,40,31,Female
5762,858,1858,3046,2496,4,2005,4,153,41.5,27.5,38,19,Male
6720,3498,152,3070,2918,9,2000,1,182,42.83333333,35,44,35,Male
5955,3007,1259,1689,734,8,2001,3,305,39.66666667,27,29,28,Male
10584,4737,1510,4337,2242,6,1986,6,97,39.66666667,39.66666667,32,22,Female
11649,4657,2139,4853,3653,12,1993,6,65,39.375,42.66666667,38,26,Male
4006,2574,576,856,554,6,1992,2,35,23.75,29,30,24,Male
7163,3719,437,3007,488,3,1990,2,366,38,25.5,23,41,Female
9984,7771,110,2103,1993,11,1987,1,68,40.77777778,35,35,35,Male
9484,2107,2545,4832,3831,3,2009,5,190,44.33333333,54.75,45,65,Female
8735,4129,2809,1797,608,8,1960,5,545,41.83333333,39,29,31,Male
8063,3766,2036,2261,519,10,1995,2,32,39.5,23,34,34,Male
6955,954,2305,3696,2691,5,2002,6,26,39,33,36,35,Male
7636,2946,2094,2596,1580,7,1994,4,224,36.14285714,29.33333333,40,24,Male
5333,2872,553,1908,401,4,2006,3,74,51.25,57,61,37,Female
3193,1836,440,917,477,7,1985,1,367,48.66666667,27,39,27,Male
7709,3914,1297,2498,1811,6,1985,3,31,29.33333333,30.66666667,26,23,Male
14591,6953,2168,5470,3302,10,2000,1,28,42,33,41,33,Male
4830,3077,540,1213,673,16,2000,1,72,42.25,30,36,30,Male
3554,1219,1168,1167,407,5,1975,3,594,31,27.33333333,29,29,Male
7277,5262,301,1714,1532,14,1996,2,263,43.46153846,26.5,32,28,Male
13957,7001,1777,5179,4085,14,1991,3,343,43.75,46,36,33,Male
8247,5555,585,2107,1522,16,2008,1,6,37,36,60,36,Male
6165,2356,2245,1564,171,8,2013,3,1,37.57142857,39.33333333,21,17,Male
5188,1145,1060,2983,2090,4,1998,2,31,35,25,18,30,Male
4410,1089,1721,1600,48,5,1997,2,116,44.5,32.5,38,34,Male
7304,4318,654,2332,214,5,2001,4,139,36,21,20,31,Female
5842,1835,763,3244,2796,6,2002,3,1,35.33333333,33,43,38,Male
13704,3959,1556,8189,7338,12,1983,2,1,46.4,25,43,25,Male
9231,4638,839,3754,3022,8,2008,2,40,38.83333333,43,41,43,Male
3112,1527,1084,501,158,8,1994,5,16,32.66666667,43,54,26,Male
9629,3488,2996,3145,1359,7,2010,4,34,32.83333333,30,28,28,Male
5282,2029,923,2330,1407,4,2002,1,341,29.75,46,46,46,Male
11680,7333,503,3844,1328,11,1991,3,270,49.66666667,26.5,29,54,Female
8378,1984,2395,3999,3200,4,1992,6,293,45.66666667,45.83333333,37,39,Female
9895,6407,2051,1437,609,15,2006,4,47,41.6,41,50,25,Male
4501,1547,1236,1718,471,2,1993,4,24,46.5,37,32,34,Female
8681,4101,1972,2608,1521,10,1999,4,24,47.1,42,70,28,Male
15824,1566,8159,6099,1125,2,2003,5,180,52.5,44.75,66,57,Male
6235,3915,951,1369,152,9,1999,7,89,40.25,35.33333333,38,30,Female
14266,4585,5367,4314,148,4,2004,7,58,23.5,34.42857143,38,38,Female
6054,2809,257,2988,2835,8,2004,2,6,44.14285714,24,45,24,Male
4891,3617,359,915,556,8,1983,1,853,41.375,27,32,27,Male
5454,2704,1273,1477,809,10,2002,4,465,53.6,42,31,21,Male
7039,4343,682,2014,1543,12,2009,3,299,62.16666667,48.33333333,78,77,Male
9047,5926,636,2485,1849,13,1977,1,1798,42.91666667,21,26,21,Male
8694,3890,2299,2505,1235,10,1997,5,103,37.66666667,38.75,29,26,Male
9460,5897,859,2704,2248,13,2000,3,11,51.3,35,50,35,Male
6143,4329,216,1598,1382,13,1973,1,786,47.5,41,48,41,Male
6456,4035,0,2421,1148,7,1984,1,74,43.6,33,33,35,Female
10513,3492,3153,3868,1773,8,1999,6,36,33,27,41,34,Male
8611,6821,363,1427,1064,8,2007,1,68,46.85714286,28,67,28,Male
3288,1687,258,1343,1085,5,1982,1,97,39.8,28,33,28,Male
12141,8789,136,3216,3080,17,2000,1,55,52.63636364,46,45,46,Male
14243,5331,4093,4819,1247,7,1993,3,8,30.71428571,24.66666667,50,39,Male
12452,6217,632,5603,5249,7,1987,3,373,33.75,44.5,42,26,Male
8611,5299,612,2700,2088,9,1992,1,47,48.2,32,33,32,Male
11665,3247,2686,5732,3808,5,1996,2,106,50,42,41,42,Male
19960,11248,1809,6903,5094,11,1987,1,56,44.63636364,39,43,39,Male
5880,2859,523,2498,2249,7,1995,3,61,44.14285714,30.66666667,39,40,Male
9776,4954,3073,1749,541,15,2000,4,200,42.46153846,32,56,31,Male
4928,2393,402,2133,1731,4,1998,1,233,37.5,34,36,34,Male
4576,2341,475,1760,1556,6,2000,3,153,36.66666667,62.5,52,47,Male
6431,3697,725,2009,1676,10,1992,3,211,42.625,39.5,62,40,Male
8627,4910,1804,1913,97,9,2005,4,95,52.28571429,40.5,24,45,Female
9268,2299,2613,4356,2737,5,2001,3,155,41.4,32.33333333,39,27,Male
6993,3385,1473,2135,1086,6,1998,3,18,38.2,36.66666667,32,26,Male
3044,1750,291,1003,845,6,2004,2,64,38.5,31,32,27,Male
5508,1095,1606,2807,1707,4,2002,2,61,37,30,24,18,Male
9917,2218,3564,4135,1577,6,2008,5,163,43.75,31.33333333,29,33,Male
1468,879,0,589,17,3,2005,1,317,23,11,11,23,Female
11504,5856,2757,2891,432,12,2009,2,125,44.44444444,34.5,36,31,Male
8731,5751,173,2807,2634,15,1996,1,20,39.66666667,37,47,37,Male
5723,1999,1849,1875,356,6,1985,2,160,42,32,43,28,Male
9092,4706,1326,3060,1709,7,1939,3,839,47.16666667,36.33333333,17,35,Female
8603,4327,2016,2260,1004,10,2009,3,208,35.5,52.5,41,32,Male
7054,2342,998,3714,2716,7,2002,1,211,40.4,27,35,27,Male
11278,6416,2560,2302,1286,13,2009,5,192,47.09090909,28.75,43,37,Male
16612,10688,1206,4718,1372,8,1999,3,65,31.28571429,23.33333333,18,20,Female
19324,11964,3148,4212,3423,22,2013,5,60,42.38461538,40.25,36,31,Male
15092,4558,3806,6728,4760,7,2009,6,74,33.57142857,29,22,37,Male
11927,5836,704,5387,4857,6,2011,2,40,44,34,28,34,Male
22962,10954,3438,8570,6684,12,1982,7,224,32.91666667,25.8,41,30,Male
18184,3824,5422,8938,4858,8,2009,4,37,38.33333333,30.25,28,29,Male
37778,15776,5854,16148,10294,18,1992,1,295,38.375,30,30,30,Male
11538,5632,3006,2900,1376,6,1997,4,94,60.33333333,37,67,33,Male
15400,10458,176,4766,704,15,1989,2,118,39.91666667,40.5,31,39,Female
4779,1994,1212,1573,1173,10,1994,4,150,48.88888889,40.25,30,52,Female
5209,1093,2481,1635,129,4,1991,4,235,41.5,41.5,51,40,Male
15279,6047,3222,6010,4022,8,2011,3,68,45.85714286,28,41,28,Male
19304,7594,2272,9438,8248,8,1997,3,11,40.375,36.33333333,56,48,Male
5435,2656,774,2005,1231,5,1992,1,454,49.75,22,41,22,Male
6646,1928,2830,1888,4,4,1979,3,6,44.5,38.66666667,46,30,Male
7646,5800,0,1846,432,12,1992,1,116,40.55555556,43,43,41,Female
12406,5930,1566,4910,3200,9,1986,6,199,32.625,28.5,37,29,Female
15090,6446,938,7706,4582,8,2009,5,39,44.75,46.25,45,49,Female
23124,10784,6766,5574,2974,11,2000,8,52,28.66666667,24.14285714,32,43,Male
14472,5724,850,7898,7374,8,2009,2,16,41,36.5,60,20,Male
14636,4306,4754,5576,2826,6,1999,2,222,39.16666667,29,40,41,Male
21605,10055,5507,6043,3745,8,2013,5,160,43.875,42.5,39,23,Male
10575,6508,911,3156,2406,11,2001,2,20,36,39,25,25,Male
14890,6084,4844,3962,2966,7,1999,8,174,29.28571429,23.75,19,20,Male
32174,5530,12002,14642,6862,10,1995,8,130,40.625,36,51,37,Male
17000,3130,3038,10832,9974,7,2000,6,24,36.2,28,26,26,Male
18842,7616,3148,8078,5310,10,2003,4,8,41.57142857,25.5,12,39,Male
20324,5994,6342,7988,3592,3,2009,7,14,35.66666667,32.8,24,56,Female
28454,15646,2292,10516,8954,16,1999,5,183,52.38461538,46.8,51,36,Male
19390,8140,1358,9892,4938,7,2001,3,36,31,40.66666667,32,33,Female
17886,9208,2848,5830,3522,12,2009,3,154,42.16666667,39.5,53,40,Male
8013,4522,1866,1625,1158,8,2012,6,13,38.83333333,35,40,24,Male
11813,2536,6461,2816,349,6,2001,7,6,40.16666667,34.85714286,36,39,Male
10953,8031,1215,1707,971,19,2011,2,4,39.13333333,60,44,74,Male
17378,8310,1710,7358,5648,13,2001,1,16,36.36363636,22,27,22,Male
11976,3814,2796,5366,3250,6,1998,3,168,54.4,53.5,63,40,Male
19904,10730,564,8610,8046,15,1979,1,16,37.46153846,34,39,34,Male
28042,16052,614,11376,10894,10,1998,2,16,45.22222222,31.5,59,42,Male
11507,4722,2198,4587,3318,12,2012,3,8,57.27272727,43.33333333,63,66,Male
6942,4262,379,2301,2041,13,1998,2,374,41.22222222,27,43,21,Male
1954,722,440,792,352,2,1992,1,24,46,27,34,27,Male
7334,2493,1661,3180,1295,3,1981,4,298,66,34.5,35,77,Female
23766,6886,7906,8974,1588,8,1997,3,280,42.85714286,40.66666667,60,34,Male
16724,4092,4380,8252,4248,3,1995,3,60,43.66666667,32.5,49,35,Male
14730,4286,1416,9028,7774,7,1999,2,38,40.16666667,42,40,42,Male
15494,3970,5962,5562,2236,10,2009,4,882,40.625,44.75,33,60,Male
11625,7096,1723,2806,1432,12,2012,2,680,51.33333333,34,47,28,Male
15406,8274,4118,3014,424,22,2006,6,45,39.22222222,30,43,50,Male
11504,3414,2784,5306,2193,2,2010,7,41,51,44.8,41,34,Female
22642,13950,2798,5894,3944,13,1991,3,160,40.25,36.33333333,28,29,Male
5888,2674,484,2730,2246,5,2003,1,86,37,36,45,36,Male
15124,4342,3694,7088,6002,9,2011,7,109,35.625,37.83333333,39,48,Female
12490,5720,2078,4692,2740,6,2003,2,38,40.16666667,34,49,38,Male
11796,5052,2094,4650,3664,8,1996,5,5,43.33333333,29,31,25,Male
8768,3400,3126,2242,800,7,1997,4,202,49,27,50,27,Male
7074,4139,922,2013,1091,14,2005,1,278,46.69230769,27,31,27,Male
10928,5636,2082,3210,1242,7,1995,2,368,42,31,36,28,Male
10334,4432,902,5000,4538,9,1997,2,85,40.57142857,25,43,25,Male
10811,2569,2502,5740,3809,3,2010,3,6,60,36.33333333,39,27,Male
10173,3304,3931,2938,1007,5,1999,4,39,44.4,39.66666667,33,27,Male
16552,4510,3332,8710,6960,16,2001,5,0,33.3,30.25,21,23,Male
27036,8692,8758,9586,3698,4,1998,8,42,50.75,51,44,52,Female
4554,2476,548,1530,822,5,1993,2,48,41.6,30,27,30,Female
16019,9259,3723,3037,226,7,2011,5,50,51.33333333,67.5,77,21,Female
11154,2906,2586,5662,3076,4,1988,1,243,30,28,32,28,Male
10197,4733,830,4634,3804,8,1998,1,32,48,38,49,38,Male
10468,3256,2682,4530,1978,4,2001,2,7,31.25,34,31,34,Male
20784,6580,5730,8474,4414,8,2006,7,12,43.2,36.25,58,26,Male
4260,0,2313,1947,598,1,2010,3,117,44,38,44,29,Male
10974,3282,3548,4144,1362,6,1998,4,129,41.33333333,28,25,28,Male
11254,6064,2064,3126,1198,9,2002,2,122,41.5,30,40,30,Male
13086,6322,2078,4686,3052,8,1982,2,4,43.25,22.5,40,23,Male
16440,7764,2548,6128,2752,9,1999,3,45,37,36.5,23,56,Female
14812,6922,2273,5617,3680,9,2009,9,296,46.2,44.5,45,25,Female
5480,1582,2500,1398,100,3,2013,6,6,46,27.66666667,23,19,Female
10327,2795,3925,3607,1577,6,1996,3,2,46.66666667,34,23,27,Male
20292,4116,7582,8594,5006,8,1986,4,20,48.8,42,27,19,Male
9748,2938,2366,4444,2492,2,1993,3,1,32,24,32,30,Male
6708,3778,1463,1467,189,7,2001,2,11,38,36,37,52,Male
16610,9562,2680,4368,3712,16,1997,7,50,40.85714286,34.71428571,26,27,Male
18994,7664,4598,6732,4028,6,2010,4,104,58.66666667,46.66666667,56,27,Male
12346,1238,4558,6550,5920,3,1996,2,7,50.5,36,38,35,Female
4432,3035,0,1397,502,11,2002,1,181,43.8,28,28,51,Female
9756,5708,1750,2298,270,10,2004,4,246,42,29.5,48,34,Female
9760,4248,1996,3516,1904,8,2007,2,287,48.14285714,38.5,58,51,Male
13679,8671,1018,3990,1171,13,2009,5,17,56.25,32,37,36,Female
16586,9038,2974,4574,1600,5,1985,1,93,28.2,17,26,17,Male
19038,6702,3234,9102,7486,6,2005,3,2,24,24,24,24,Male
10911,1901,4995,4015,2702,4,2011,8,185,40.5,36.28571429,38,32,Female
21702,4288,9556,7858,16,8,1987,4,113,50.4,29.75,37,29,Male
14800,8600,1554,4646,348,4,2009,3,5,43.25,45.66666667,46,52,Female
13410,3534,4408,5468,1292,4,2008,2,4,59.25,32.5,41,38,Male
11161,5980,1780,3401,1787,11,1992,6,34,31.3,27.8,23,57,Female
9886,4932,344,4610,4266,13,1988,1,107,32.71428571,25,33,25,Male
14333,4247,633,9453,9134,6,2010,2,1,43.25,40,34,40,Male
17588,6800,4600,6188,2969,6,2010,7,43,42.33333333,36.66666667,30,28,Female
21587,7781,3472,10334,8217,10,2005,5,38,47.5,54,38,46,Male
12446,6934,1511,4001,2651,15,2011,2,209,57.38461538,45,48,40,Male
7279,2035,1842,3402,2578,4,2009,4,15,41.33333333,34,40,34,Female
67548,31146,9604,26798,19138,26,1995,9,84,54.70588235,53,52,37,Male
10500,3972,1688,4840,4115,6,2002,4,245,42,36.66666667,28,28,Male
7613,2600,2009,3004,2249,12,2000,8,2,26.33333333,33.8,27,25,Male
12522,5056,732,6734,4100,7,2012,4,3,35.71428571,28.33333333,36,34,Female
10958,3536,4532,2890,110,9,2000,2,98,44,32,30,31,Male
18752,8079,2465,8208,6652,5,2011,5,40,51.2,42,35,39,Male
8820,3608,2432,2780,1278,4,2000,2,201,36,26.5,25,32,Female
21332,11112,758,9462,9076,8,1997,3,22,24.6,32,25,32,Male
30626,12520,6956,11150,7732,8,1994,5,6,24.66666667,26.33333333,25,33,Male
8196,4139,1872,2185,630,8,1993,3,176,43.125,32.5,47,31,Male
10214,5146,2988,2080,480,6,1995,5,113,28.8,30.8,19,26,Female
19270,11568,3248,4454,576,14,2003,8,137,40,39,34,31,Female
10244,4450,476,5318,4944,13,2004,2,140,40.44444444,54.5,42,69,Male
17663,7231,4368,6064,4030,9,1994,4,41,38.66666667,39.25,39,21,Male
8202,3922,2009,2271,262,10,2011,1,23,44.75,31,32,31,Male
11424,4956,1170,5298,4128,12,2003,1,17,43.7,33,35,33,Male
13154,4732,3662,4760,1486,11,2003,2,11,46.4,30.5,45,36,Male
24388,8310,7932,8146,5750,9,1995,4,64,36,41.5,46,32,Female
8659,3965,2623,2071,195,8,2011,4,0,54.14285714,62.66666667,65,74,Male
11249,7604,713,2932,2447,11,1996,2,115,33.77777778,46.5,42,36,Male
14320,8197,2763,3360,985,15,2011,3,109,43.375,30.5,43,27,Male
4926,1808,613,2505,1892,5,2006,1,36,38.25,30,39,30,Male
15960,4150,3360,8450,6710,7,1998,2,11,36,34.5,34,35,Male
7086,3572,984,2530,1792,9,1994,2,105,40.83333333,33.5,32,26,Male
17732,1800,7214,8718,3328,4,1999,4,65,25.75,39.25,25,22,Male
17220,5770,196,11254,11058,12,2009,1,0,44.5,42,11,42,Male
15296,10514,1260,3522,2372,16,1990,2,378,35.90909091,22,35,38,Male
31648,22422,3246,5980,3872,29,2008,5,645,40.65,34.4,29,31,Male
15500,3007,5690,6803,1841,8,2010,5,108,37.75,36.5,48,40,Male
23252,15644,1036,6572,5772,13,1989,3,210,36,25.5,38,22,Male
14573,8770,3745,2058,86,10,2010,3,47,44.6,44.33333333,42,32,Male
5100,1153,2072,1875,203,2,2010,2,34,62,45.5,62,65,Male
4968,2615,667,1686,1019,8,1998,1,20,40.625,34,47,34,Male
20724,12410,2030,6284,4254,15,2006,1,175,47.72727273,33,36,33,Male
5708,1171,1801,2736,1635,5,2013,5,393,46.2,31.75,51,40,Male
21982,13154,3556,5272,3814,16,1999,5,7,32.33333333,29.4,22,56,Male
20938,8238,2660,10040,8260,10,1995,4,32,43.85714286,44.25,41,32,Male
22288,8962,4908,8418,6234,10,1997,6,115,54,29.2,33,22,Male
15294,9990,1200,4104,3184,17,1988,3,172,39.28571429,38,33,40,Male
9399,5204,1438,2757,2149,11,1990,4,242,45.9,38,35,34,Male
8754,5089,1370,2295,1551,7,1982,4,41,25.66666667,28,30,28,Male
30524,20044,4196,6284,1240,8,1999,5,52,39.85714286,31.6,41,34,Female
4484,1502,2371,611,374,8,2001,7,1,32.14285714,31.33333333,61,49,Female
13814,4518,5962,3334,1630,6,2009,6,48,41.5,51.5,36,66,Male
3558,1675,832,1051,334,4,2011,2,38,48.5,31,55,26,Male
4056,1232,1364,1460,206,5,2011,2,11,53.8,27.5,47,25,Male
13630,2496,7826,3308,2766,9,1999,16,18,39.85714286,37.14285714,17,29,Female
7020,3800,1716,1504,600,10,1989,4,8,51.11111111,39,55,43,Male
17728,8262,1464,8002,6946,5,1994,2,264,45.2,39,32,31,Male
4718,2505,685,1528,1160,5,2007,2,21,52.6,40.5,49,22,Male
11290,1001,2671,7618,6971,3,2010,5,64,31.33333333,26.6,22,25,Female
23878,6092,6592,11194,9040,14,1999,10,38,39.4,36.57142857,30,41,Male
10330,7372,718,2240,162,7,2002,3,25,34.5,49,35,31,Female
24124,5212,9754,9158,2178,4,1999,6,25,36.33333333,26,37,23,Male
18784,9682,4584,4518,1106,10,1996,3,154,42.375,31,34,32,Male
13919,6501,3302,4116,956,10,2002,8,58,45.28571429,26.5,33,43,Female
16102,0,7164,8938,1774,1,1999,1,150,69,30,69,30,Male
10794,7985,972,1837,377,12,1989,4,4,45.18181818,39.33333333,28,47,Female
5474,3306,500,1668,1414,6,1981,2,78,49.5,36,56,36,Male
22846,10952,3540,8354,1872,6,2004,7,47,39.5,25.5,29,42,Female
22694,6230,12108,4356,792,11,1993,11,3,43.28571429,38.66666667,53,21,Male
11760,3886,3944,3930,1450,5,1997,2,50,34,37.5,50,32,Male
13956,5891,2162,5903,4833,9,2009,3,12,43.22222222,40.66666667,40,36,Male
13356,3844,2807,6705,4431,5,1989,3,36,41.8,24.66666667,48,31,Male
29106,6780,8112,14214,8512,13,2000,6,122,45.27272727,32.4,36,34,Male
17372,9716,3284,4372,1326,9,2005,3,210,37.33333333,29,32,24,Male
12073,4204,864,7005,6141,9,2009,1,24,50.42857143,60,48,60,Male
16260,11774,286,4200,130,12,1996,3,48,43.71428571,40,39,46,Female
19636,3002,7694,8940,6108,9,1993,4,16,42,35,44,34,Male
18274,8434,1992,7848,2042,7,2014,4,133,39.33333333,34,23,20,Female
24064,8494,1080,14490,13692,8,1998,3,19,39.8,43.66666667,35,69,Male
14621,6087,901,7633,7019,11,1989,2,141,41.57142857,43,34,7,Male
11906,4695,1645,5566,3921,6,2010,1,103,50.2,36,36,36,Male
6294,2841,1147,2306,1085,8,2003,6,67,30,29.8,25,31,Female
18826,7462,4704,6660,3120,13,2003,5,549,43.23076923,43.75,56,45,Male
12111,4183,2935,4993,3758,10,2012,4,102,44.2,46.66666667,58,35,Male
25338,8682,9230,7426,5386,7,1995,10,8,34.57142857,27.7,34,35,Male
24168,6682,3612,13874,11274,5,2007,4,49,49.4,39.66666667,27,28,Male
26730,10752,3724,12254,8860,17,1982,4,14,46,50,33,39,Female
7446,4445,1224,1777,399,8,2003,4,118,37.14285714,32.5,24,23,Female
13192,6730,1154,5308,4402,8,2000,3,72,30.875,42.33333333,32,30,Male
19924,8934,2016,8974,8008,9,1996,3,20,47.25,29,35,23,Male
13352,3468,3532,6352,4328,6,2008,4,3,35.5,37,48,18,Female
6904,1263,2955,2686,1557,7,2013,6,17,32.5,33.33333333,26,43,Male
13762,8936,1350,3476,3068,21,1993,4,386,46.46666667,36.5,47,33,Male
13486,8522,102,4862,4760,16,1987,1,103,38.33333333,26,43,26,Male
43768,20464,7596,15708,10928,9,2009,6,60,35.5,27.25,43,37,Male
22974,10122,3588,9264,7434,15,1997,3,10,41.44444444,37,43,33,Male
17523,5611,4784,7128,3880,10,2004,6,37,34.44444444,39,29,23,Male
4738,1134,1142,2462,2072,5,2000,3,24,45.66666667,29,54,42,Male
13375,7717,1787,3871,2303,7,2009,2,10,56.66666667,60,78,60,Male
21584,8394,3092,10098,7906,10,1995,5,144,48.4,44,41,41,Male
4267,1723,203,2341,2138,7,1972,1,138,50.8,25,42,25,Male
16158,2064,8604,5490,792,6,1990,2,448,48,31.5,38,35,Male
9648,5974,390,3284,2894,6,1996,1,75,45.66666667,25,37,25,Male
12632,2360,2928,7344,4526,2,2002,2,45,45.5,25,52,36,Male
27560,8868,6416,12276,6022,9,2001,7,9,37.55555556,28.57142857,19,44,Female
19958,12542,1252,6164,5702,13,1989,4,245,42.83333333,38.66666667,39,37,Male
18132,10846,2778,4508,1730,10,2000,1,303,47.77777778,35,26,35,Male
13756,9596,1566,2594,534,11,1999,4,28,28.25,25.25,20,29,Female
22344,7616,2756,11972,9898,7,1998,3,11,46,53.5,59,55,Male
22164,11404,3352,7408,4056,6,1997,1,261,43.8,27,46,27,Male
3270,690,0,2580,1890,1,2013,1,293,63,49,49,63,Female
16948,4416,8032,4500,300,9,1990,2,27,48.44444444,35.5,24,39,Male
5918,2386,1598,1934,850,4,2004,4,154,43.33333333,28.75,27,31,Female
12286,7778,2180,2328,622,11,1995,2,15,27.75,30.5,32,20,Male
21835,9267,5987,6581,4646,9,2011,8,49,44.11111111,43.2,43,37,Male
10274,4552,2313,3409,1297,8,2011,4,44,50.4,27.25,17,43,Female
31430,9930,12596,8904,2636,13,1986,4,94,49.7,37,51,38,Male
16058,9846,3472,2740,1044,18,2005,5,393,39.27777778,38.2,16,15,Male
13486,3014,5146,5326,3300,4,1999,5,156,46.5,40.2,32,31,Female
11216,156,6148,4912,4756,1,1994,7,6,22,30.33333333,17,22,Female
7244,2206,2964,2074,576,4,1987,2,32,34.66666667,26.5,45,21,Male
18481,1951,12226,4304,3203,4,2011,12,186,38.33333333,42.66666667,23,27,Female
41260,6738,10146,24376,17822,7,2000,7,44,30.5,31.5,34,29,Male
4728,2243,342,2143,1960,9,1986,2,13,39.375,34,29,24,Male
7948,2542,3058,2348,1071,4,2006,4,55,35,31.5,30,30,Male
21736,14238,2768,4730,3476,13,2005,5,69,42.61538462,32,34,25,Male
15498,4174,6032,5292,700,4,2000,3,118,41.75,33.33333333,42,37,Male
9442,4854,1125,3463,2607,6,2011,3,129,48.5,38,36,42,Male
19300,5408,7220,6672,3200,8,1998,5,139,56.4,41.6,62,14,Male
15173,6858,325,7990,7665,6,2010,1,239,32.33333333,37,28,37,Male
7888,3154,1250,3484,2444,8,2014,2,188,37,43,32,45,Male
10597,4709,1903,3985,2832,10,1991,3,35,48,33.33333333,36,33,Male
12188,3292,2474,6422,3130,1,2001,3,1,34,40.33333333,33,34,Female
12914,5815,2677,4422,2163,6,2011,2,60,29.33333333,25,21,25,Male
15268,5480,3352,6436,4210,8,2001,6,61,41,35.33333333,43,46,Female
9135,2472,881,5782,5150,4,2009,3,2,42.5,42,47,37,Male
7650,4756,472,2422,528,7,1998,2,74,40.57142857,22,19,24,Female
26450,6460,11408,8582,4918,6,1994,8,21,43.25,29.33333333,53,44,Male
15000,7274,4254,3472,1356,10,1997,7,14,30.11111111,33.83333333,41,22,Female
14610,7732,2724,4154,1798,8,2009,3,8,44.85714286,21,80,21,Male
12229,3332,4682,4215,1622,6,2001,4,55,50,46.33333333,53,52,Male
28758,16170,7050,5538,2544,11,2009,5,2,42.8,42.8,51,61,Male
13314,5826,908,6580,5672,8,2010,1,323,44.75,35,36,35,Male
7466,3124,1192,3150,2140,8,1987,2,57,43.375,33.5,33,26,Male
22802,12120,1614,9068,8256,13,1999,3,49,52.4,45,59,47,Male
7989,1276,4351,2362,73,4,2010,4,59,33.66666667,46.25,37,31,Male
14388,5618,3410,5360,3248,9,2002,4,100,42.25,28.66666667,62,28,Male
21372,7222,3610,10540,7452,4,1994,5,218,34,24.2,31,12,Male
18636,5818,6432,6386,1924,8,2007,7,23,46.2,28.4,22,23,Male
20010,5280,7876,6854,3170,5,1997,4,11,33.2,34.5,23,20,Male
6824,3940,290,2594,2411,12,2009,2,43,50.66666667,33.5,72,28,Male
6753,1858,888,4007,2716,5,2011,4,32,57.6,47.5,62,62,Female
9488,3723,1226,4539,1866,5,2009,6,131,37.6,42.6,60,51,Female
10203,2556,3013,4634,3013,4,2005,2,8,46,31.5,32,20,Male
39038,14196,13054,11788,1472,8,1997,4,75,46.375,35.75,49,48,Male
16338,7696,3718,4924,190,5,2011,8,12,40.4,35.14285714,22,34,Female
7068,3678,835,2555,1985,7,1975,3,1103,41.33333333,51.33333333,48,38,Male
7461,3313,1641,2507,1940,12,1978,6,382,32.54545455,32,46,41,Male
23822,9014,4838,9970,8122,20,2001,6,46,31.5,30.4,27,21,Male
21380,8180,2564,10636,8948,10,1992,2,23,38.5,32,36,22,Male
19312,2526,6570,10216,5844,8,1996,5,303,28.75,26.5,34,27,Male
57524,22650,6772,28102,25822,27,1991,7,145,47.26086957,35,36,42,Male
11246,5229,3262,2755,1322,10,1995,5,69,45.77777778,42.25,49,30,Male
22448,5138,5682,11628,8540,4,2007,8,180,32.66666667,28.66666667,20,38,Female
11329,6838,1941,2550,1116,11,1993,2,844,41.63636364,20,46,26,Male
6384,2179,1597,2608,1225,3,1993,3,5,34,28,30,28,Male
9836,1910,3916,4010,2540,5,1995,8,14,20.66666667,18.66666667,17,16,Male
15187,8706,1441,5040,4255,10,2010,2,153,58,42.5,50,44,Male
18967,6942,3360,8665,6045,12,2007,5,188,30.83333333,25,25,35,Male
11016,5502,1058,4456,3640,7,2008,2,260,47.28571429,36.5,39,33,Male
13956,8932,898,4126,982,4,1999,3,54,43,45.66666667,35,39,Female
3747,1865,486,1396,910,4,2005,1,27,48.66666667,30,36,30,Male
12967,6678,3233,3056,15,11,2011,9,39,48,43,44,55,Female
11012,1430,4380,5202,2242,7,2008,6,18,46.8,46.16666667,71,49,Male
15468,9012,240,6216,5976,7,2003,1,160,46,27,41,27,Male
18930,11786,2666,4478,518,7,2009,3,7,49,43,64,80,Female
9078,1806,206,7066,5754,5,1995,2,64,43.2,32,32,37,Female
13831,7541,3079,3211,2391,14,2012,6,162,38.77777778,34.4,44,30,Male
14996,8268,1282,5446,5022,9,1987,5,145,45,33.75,41,35,Male
20280,11390,2096,6794,5162,8,1998,4,241,49.125,50,42,44,Male
28192,17792,444,9956,9650,21,1999,2,109,40.11764706,29,38,28,Male
21036,7692,6262,7082,3658,10,2001,4,23,34.33333333,35.75,54,41,Male
4536,2312,289,1935,1646,6,2012,1,136,29.33333333,42,19,42,Male
11310,3610,1474,6226,5408,8,1992,2,2,38.33333333,35.5,37,44,Male
18272,7156,3416,7700,4452,8,1999,2,5,47.85714286,49.5,61,53,Male
10090,1305,1858,6927,6062,6,2011,4,86,42.66666667,37,36,29,Male
8809,5779,1716,1314,96,20,2012,4,198,52.66666667,54.25,63,66,Male
19192,6611,3303,9278,7927,12,2011,6,63,44.2,39.66666667,42,47,Male
2518,1716,121,681,560,8,1994,1,880,47.25,39,46,39,Male
15332,8462,2418,4452,3326,18,2000,5,63,48.64705882,42.5,34,32,Male
21638,6320,7582,7736,4220,7,1995,4,2,34.4,45.33333333,38,36,Male
31890,17128,9202,5560,2198,28,1996,11,26,46.17647059,48,45,37,Male
13185,5436,2879,4870,2162,7,2012,2,72,38.6,32.5,31,29,Male
11490,5564,1950,3976,2334,11,1995,2,26,41.75,23.5,41,12,Male
19218,4210,1530,13478,12060,9,2005,2,32,50.4,34,41,34,Male
2624,404,648,1572,1168,1,2003,3,64,29,23,19,29,Female
8760,4260,1504,2996,196,4,2000,6,44,30.75,28.33333333,14,14,Female
8616,2853,1554,4209,3228,7,2011,3,0,39.66666667,48,42,35,Male
40928,25628,8466,6834,4594,23,1999,12,38,44.88888889,36.88888889,37,39,Male
24842,13426,4692,6724,4178,13,1989,4,109,42.2,37,40,39,Male
9470,4884,1356,3230,2490,14,1999,4,59,42.5,31,55,35,Male
14890,3629,2397,8864,7658,4,1993,5,23,58.25,55.5,58,42,Male
11613,8004,1107,2502,1904,7,2011,4,5,43,47,52,49,Male
13976,3382,4886,5708,3186,4,2007,4,2,47.33333333,33,40,38,Female
16373,2052,6367,7954,3797,5,2008,10,173,38.8,36,40,39,Male
6489,2073,2404,2012,1103,4,2011,4,3,37,25.25,37,36,Female
25492,9874,4618,11000,6382,5,1998,1,82,50.8,27,61,27,Male
19518,5230,3646,10642,7428,3,2000,2,41,40.33333333,39,33,33,Male
7890,3042,2047,2801,1368,6,2006,3,84,39.83333333,32.33333333,30,41,Male
4634,3027,0,1607,225,4,1997,1,48,41.5,30,30,36,Female
13788,7971,1710,4107,3102,13,2002,3,197,38.90909091,43.66666667,40,72,Male
11184,5200,1162,4822,4304,8,2008,4,37,44.5,36.66666667,42,32,Male
4437,1192,807,2438,1916,3,1990,2,126,60,63,50,66,Male
15066,8242,1720,5104,4074,11,1996,4,356,44.3,40.66666667,34,59,Male
19598,10628,3346,5624,2278,8,2000,1,347,43.625,28,38,28,Male
3164,789,889,1486,597,5,2001,1,48,27.5,35,46,35,Male
18472,9840,3288,5344,2056,9,1987,7,179,53.28571429,48.33333333,41,23,Female
14626,6222,4068,4336,694,7,1997,4,17,52,63,55,63,Male
13484,5330,3560,4594,1566,10,1998,3,224,50.4,46,37,35,Male
12458,4096,3274,5088,3960,11,2001,6,11,49.33333333,46.16666667,33,38,Female
27086,8680,7624,10782,7120,10,1999,7,7,38.375,30.4,30,35,Male
21738,5136,4392,12210,10336,8,1999,8,25,24,35.83333333,50,40,Female
2173,1013,0,1160,466,3,1995,1,2,43.5,29,29,51,Female
22762,13715,4022,5025,694,14,2011,7,16,52,45,31,29,Female
13018,8208,2032,2778,1700,10,1999,3,50,40.9,35.66666667,34,28,Male
18402,6952,3440,8010,4830,7,1999,9,95,35,26,24,31,Female
6841,2248,1921,2672,1412,8,2010,5,23,47.14285714,38.4,46,36,Male
14330,5818,4076,4436,2980,5,1995,4,16,50.75,32,32,37,Male
1658,869,0,789,430,4,1993,1,157,40.33333333,39,39,41,Female
7167,1078,2563,3526,2705,4,2009,5,22,48.75,43.2,52,75,Male
7089,4225,381,2483,527,5,2009,3,44,41.75,47.5,33,42,Female
15363,3867,5146,6350,1204,10,1939,1,45,49.8,34,38,34,Male
7927,1668,992,5267,4611,3,2011,4,77,48.66666667,35.66666667,30,64,Female
14720,4264,1988,8468,7520,7,1999,4,198,35.71428571,35,39,35,Male
14390,4082,6649,3659,481,9,2000,9,40,46.44444444,37.25,63,31,Male
11671,0,5007,6664,3102,1,2013,2,95,51,33,51,32,Male
31942,7642,4408,19892,18182,7,2009,4,27,33.66666667,43.5,27,58,Male
20248,13980,1046,5222,4176,13,2001,1,281,41.4,34,40,34,Male
18760,14624,906,3230,650,13,2004,3,176,42.91666667,36,35,43,Female
17148,10082,1420,5646,4384,14,1999,2,18,39.16666667,28,32,30,Male
9715,3411,3228,3076,745,8,2013,4,0,33,41.5,33,53,Male
19630,5896,5940,7794,3048,5,1980,4,177,25.75,43.66666667,20,44,Male
30354,14432,6428,9494,3476,14,1998,2,69,41.45454545,31,37,29,Male
10265,3905,2126,4234,2108,3,2009,1,11,45.66666667,28,55,28,Male
14073,5509,3324,5240,3760,7,2012,5,61,33.4,46.4,16,27,Male
15570,8497,1884,5189,3305,10,2011,1,41,37.875,38,29,38,Male
9847,2462,2767,4618,3140,6,2012,5,19,27.33333333,32.8,20,22,Male
5845,467,2321,3057,1854,3,1989,2,126,21,20.5,30,9,Male
13556,5664,816,7076,6712,12,1993,4,162,55.875,38.5,39,63,Male
13776,1980,1464,10332,9604,5,2002,3,69,36.2,31,26,29,Male
10506,5124,2578,2804,2082,10,2002,6,48,42,42,29,28,Male
9110,2082,3470,3558,1894,4,1993,4,84,50.66666667,36,46,11,Male
14648,4676,1602,8370,7654,10,2008,4,105,39.77777778,42,30,22,Male
12286,7856,486,3944,330,5,2000,2,63,34.75,27.5,27,25,Female
17666,7660,3990,6016,3282,11,1998,7,75,33.83333333,32,23,22,Male
2276,886,122,1268,864,4,1991,2,89,27,29,28,29,Female
15785,7374,736,7675,7251,10,1997,2,33,38.2,13,42,13,Male
16742,114,7110,9518,9404,1,2009,9,55,47,32.8,26,47,Female
18434,5669,7123,5642,2996,7,2005,10,52,40.5,39.3,20,31,Female
11874,6181,1814,3879,2749,8,2011,3,31,53,31.66666667,40,32,Male
23950,13004,4194,6752,5074,18,1993,4,48,35.44444444,25.33333333,53,27,Male
15580,9818,1642,4120,166,9,2002,4,45,43,34,25,30,Female
14298,5774,756,7768,4990,5,2008,4,15,42,42,26,58,Female
25982,5844,8582,11556,3928,6,1991,2,12,46.5,34.5,60,56,Male
14170,4778,4582,4810,2872,8,2008,7,41,48.625,37.71428571,46,33,Male
18744,242,8528,9974,4878,2,1954,2,30,41.5,38.5,46,25,Male
18687,8765,5762,4160,1362,10,2011,10,41,39.2,46.5,26,53,Female
19058,10542,124,8392,8268,7,2000,1,37,44.57142857,24,28,24,Male
7522,960,3750,2812,755,3,2010,5,21,41.33333333,37.25,24,29,Male
10942,7476,1012,2454,1442,12,1990,1,57,49.08333333,71,40,71,Male
13302,3246,2930,7126,5306,6,2008,4,27,46.33333333,40,34,60,Male
7344,4150,931,2263,1332,5,2012,1,112,34.75,36,32,36,Male
14014,1839,6383,5792,4385,3,2011,6,40,28.5,25.66666667,31,29,Female
18864,5644,4648,8572,3924,6,2008,1,21,36,26,26,26,Male
20454,9166,3988,7300,332,6,1999,9,260,53,42.42857143,32,50,Female
9147,5257,999,2891,2368,10,2013,3,28,46.25,31.66666667,35,29,Male
7316,2279,467,4570,4103,7,1998,1,261,40,39,26,39,Male
16402,5516,1626,9260,8044,5,2001,3,347,45,25,29,28,Male
9007,2872,1721,4414,3147,6,2012,3,2,47,37,37,47,Female
8772,6656,340,1776,1436,12,1993,1,68,24.58333333,42,27,42,Male
17065,6589,1855,8621,5090,6,2013,5,89,45,47.25,54,57,Female
16106,3426,2916,9764,8402,4,2004,5,77,46,30,42,33,Male
20247,4972,6935,8340,5121,8,2010,7,34,27,24.28571429,22,26,Male
15060,7712,3910,3438,1108,7,2000,6,143,28.57142857,33.16666667,36,27,Female
20310,9910,1562,8838,7276,13,1995,1,200,42.9,23,58,23,Male
33402,9614,17658,6130,3602,7,1995,8,85,43.28571429,41.85714286,36,35,Female
28612,10148,7650,10814,8732,10,2005,5,34,34.85714286,28.8,34,36,Male
10920,1585,4496,4839,1951,5,2012,5,6,55,42,53,49,Male
29954,4770,13530,11654,9494,6,2008,10,185,45.66666667,46.14285714,43,54,Female
14760,3734,4280,6746,2466,2,1989,1,54,31.5,27,29,27,Male
18248,7728,4664,5856,3038,12,1998,5,185,36.66666667,44.5,28,26,Male
5422,1066,2012,2344,332,5,1994,1,5,43.75,28,30,28,Male
4246,225,1937,2084,817,2,2011,3,4,42,26.5,33,26,Male
18864,6376,5228,7260,3668,9,2001,4,17,54.625,40,42,41,Male
12592,2660,3288,6644,3356,4,2001,1,411,42.33333333,29,38,29,Male
7446,3996,1141,2309,1689,8,2007,3,405,50.85714286,35.33333333,44,35,Male
27072,11324,4728,11020,7930,5,2004,5,100,38.2,37.25,44,43,Male
20260,5658,5916,8686,3230,10,1998,2,75,43.5,36,44,40,Male
25458,5766,9172,10520,6394,11,2002,7,14,45.25,28.6,62,43,Male
5171,2063,0,3108,2315,3,1992,1,100,38.33333333,30,30,31,Female
19960,11787,1789,6384,1364,8,1993,4,13,38.25,35,49,25,Female
10456,3776,1686,4994,3506,5,1999,2,503,26,27,44,27,Male
7350,2276,2277,2797,2143,5,1993,6,266,33,33.16666667,37,31,Male
12470,2918,3058,6494,4418,7,1999,2,172,43.28571429,30,36,19,Male
28970,18496,4176,6298,3708,14,1996,6,48,40.7,27.5,41,34,Male
17460,10182,1068,6210,5296,11,2008,2,170,36,24,52,24,Male
15440,5280,5894,4266,1545,15,2012,6,169,45.16666667,35.33333333,29,22,Male
20670,12771,1816,6083,5205,15,2010,4,106,39.61538462,29.5,27,25,Male
9480,6150,1412,1918,44,8,1998,4,27,36.42857143,33,33,54,Female
14376,4274,5248,4854,1956,8,1987,5,22,35.28571429,39.5,38,31,Male
13947,3114,3212,7621,4409,5,2011,1,60,34.75,38,31,38,Male
24656,10840,6206,7610,1822,5,1998,2,68,49.4,40,61,40,Male
14751,4808,7372,2571,102,5,1985,6,92,33.25,24.4,23,23,Male
10129,5260,1688,3181,1620,10,2005,2,515,49.375,26,34,24,Male
9001,5952,1025,2024,999,11,1980,1,937,43.2,24,38,24,Male
9041,4914,1788,2339,1621,15,1999,3,813,47.15384615,25.66666667,47,18,Male
27600,5278,10688,11634,7964,4,1998,5,168,34.66666667,49.66666667,52,48,Female
12714,6228,3594,2892,1596,11,2001,7,1,28.85714286,34.33333333,34,29,Male
21228,5178,6314,9736,5734,8,1995,5,15,40,29,33,37,Male
16770,6756,5076,4938,2014,9,2008,5,14,47.71428571,43.75,34,74,Female
7939,5744,166,2029,1863,11,2011,1,139,33.5,20,14,20,Male
12276,6631,774,4871,4097,7,2007,1,153,27.14285714,19,24,19,Male
10482,4782,2472,3228,1076,4,1984,5,35,45.5,35,43,28,Female
12471,3948,3215,5308,3201,12,2009,3,44,34.66666667,33,31,36,Male
7180,1984,1806,3390,2312,5,2004,4,12,40,42.33333333,36,37,Male
17940,3522,8732,5686,1472,6,1997,6,8,41.6,35.5,66,18,Male
18118,8284,1840,7994,7382,5,1996,6,8,28,26.33333333,30,26,Male
5713,1944,1004,2765,2058,3,2001,3,107,38,25,47,35,Male
17147,14024,1189,1934,1486,26,2005,3,68,46.88235294,33,44,33,Male
11812,2022,4046,5744,2696,7,2011,6,1,44.33333333,43,37,34,Male
21436,8558,4432,8446,5560,7,1999,4,139,36.85714286,33.25,29,27,Male
16854,4058,9568,3228,324,4,2010,10,0,50,35.375,57,44,Male
12248,5859,2415,3974,1971,8,2012,4,239,49.57142857,30,41,29,Male
9000,4834,456,3710,738,8,1984,2,99,39.5,27,28,28,Female
3963,878,1661,1424,652,4,2009,4,145,29.33333333,35,33,34,Male
13820,4114,4943,4763,3067,5,1991,4,93,38.2,39,35,52,Female
23008,10908,6930,5170,482,9,1998,7,326,44.66666667,38,34,26,Male
19556,4328,9260,5968,145,8,2012,9,73,46.25,30.57142857,43,40,Male
20597,11136,5413,4048,1056,11,2011,4,198,44.66666667,34.75,28,30,Male
8220,5438,271,2511,2367,8,1999,2,103,31.75,22,38,24,Male
7482,4804,1196,1482,702,8,1993,3,113,35.57142857,28.5,23,34,Male
6359,3747,1466,1146,419,9,2004,3,9,36.5,24.33333333,49,24,Male
8789,5468,565,2756,2191,13,2011,1,26,47.84615385,47,53,47,Male
17472,6694,5472,5306,2722,8,1990,6,2,62.33333333,47.66666667,44,49,Male
6644,3882,520,2242,1894,15,1993,2,118,46.42857143,35,42,37,Male
3710,1645,104,1961,1857,7,2001,1,117,42.14285714,22,31,22,Male
10874,4974,1138,4762,4190,7,1996,4,32,27.66666667,25.5,25,20,Male
14606,6388,2874,5344,3404,8,1990,4,34,49,40.5,48,30,Male
9476,6002,672,2802,156,6,2006,2,19,37.6,30,26,39,Female
26304,16956,4116,5232,3666,17,2004,4,186,44.3125,37,36,28,Male
15732,4358,5678,5696,2378,6,1994,4,303,47.2,25.66666667,47,36,Male
23842,11954,226,11662,11436,15,1993,1,25,36.46666667,50,24,50,Male
14178,7438,1806,4934,1254,10,2008,6,231,29.11111111,24.66666667,18,22,Female
7648,3886,864,2898,2458,8,1988,2,237,44.16666667,29,44,32,Male
14546,2836,2682,9028,6346,9,2005,1,31,45.625,51,36,51,Male
32538,13134,8526,10878,3848,8,1997,4,12,44.625,32.5,37,28,Male
8754,2234,786,5734,5349,8,2009,3,103,41.85714286,37,40,32,Male
12146,7446,434,4266,824,7,1983,2,15,41,34,38,42,Female
10606,1318,3411,5877,3333,4,2009,4,97,36.5,30.33333333,48,24,Male
8026,3539,3110,1377,13,9,2010,8,121,37.22222222,41.85714286,32,38,Male
15316,9908,200,5208,5008,18,2008,1,100,49.16666667,32,46,32,Male
20814,9976,1376,9462,8436,8,1982,2,159,57.5,33,57,36,Male
2987,298,1317,1372,1074,1,1958,3,29,70,32,25,70,Female
16266,6118,5084,5064,2302,7,2007,4,11,45,51.66666667,60,47,Male
22758,10192,4728,7838,4518,17,1997,8,81,52.85714286,36.75,54,28,Male
19578,7542,3290,8746,6536,13,1987,5,97,48.58333333,27.5,43,27,Male
8562,5983,677,1902,1366,11,2011,2,15,46.625,32,44,32,Male
12572,8632,696,3244,2548,10,2010,1,2,39,16,32,16,Male
8619,3033,1881,3705,2974,10,2010,8,1,44,47.5,40,49,Female
30788,16946,3958,9884,1834,12,1990,5,30,49.2,37.6,23,26,Female
17823,9941,1510,6372,5654,9,2007,3,212,50.11111111,40,54,39,Male
18396,6280,8200,3916,1550,8,1998,7,55,42.33333333,33.5,34,29,Male
10470,3580,1448,5442,4176,3,1999,2,195,51.66666667,33,52,33,Male
11806,4186,3454,4166,2784,7,1988,5,121,36.28571429,53.33333333,18,79,Male
16839,3690,1431,11718,10437,12,2013,2,125,42,25.5,39,23,Male
21864,8058,3404,10402,8284,6,2000,2,31,43.83333333,32.5,56,43,Male
10944,3238,3918,3788,830,6,1999,2,217,51.33333333,30.5,46,33,Male
10346,1734,3392,5220,2956,8,2008,2,31,44.2,32.5,56,44,Male
4421,2743,246,1432,1299,5,2000,2,253,51,26,61,34,Male
24012,8272,6128,9612,6554,10,2008,11,118,36.6,27.66666667,46,28,Male
21806,4820,8564,8422,276,5,2000,3,14,34,27,33,36,Male
26362,13248,3664,9450,1178,7,1998,5,215,46.57142857,41.8,37,42,Female
33636,8260,10582,14794,8124,11,2009,6,17,38.11111111,38.2,21,21,Male
12750,7686,1277,3787,1131,17,2012,3,104,45.25,35.66666667,35,43,Female
4950,504,2209,2237,1175,3,2011,4,38,53,41.25,29,26,Male
5313,1624,2023,1666,648,5,2001,3,64,39.25,31,31,36,Male
7960,3732,487,3741,3375,11,1992,2,15,45.09090909,40,44,43,Male
2273,699,404,1170,815,3,2000,4,59,38.66666667,42.5,36,31,Female
8670,2974,2414,3282,2129,7,2009,5,18,27.25,34.4,26,19,Male
8751,2332,1659,4760,3947,7,1990,3,44,35.71428571,23.33333333,33,20,Male
3358,1883,713,762,101,5,2010,4,368,44.4,51.25,44,47,Female
3598,2886,0,712,34,7,1997,1,90,44.85714286,48,48,51,Female
9063,4073,1287,3703,2416,6,1997,1,50,36.33333333,28,27,28,Male
8560,5198,1911,1451,90,11,2010,3,1,35.83333333,63,43,63,Male
4923,1538,2183,1202,287,5,2007,6,64,28.8,39.83333333,28,22,Male
7825,3299,1082,3444,2932,5,1990,3,180,43,31,29,37,Male
7629,4181,1923,1525,597,11,2010,4,8,54,36,31,35,Female
4071,708,816,2547,1953,2,1988,4,120,45,32,40,43,Female
8199,1662,1819,4718,3445,8,2007,4,160,55.5,49.75,53,38,Male
9770,3766,4198,1806,622,6,1988,6,155,51.5,37.2,32,42,Female
6701,3588,1301,1812,511,9,2002,1,0,35.66666667,34,24,34,Male
4832,2127,1433,1272,358,8,2007,3,103,54.71428571,33.66666667,70,32,Male
5820,1663,299,3858,3698,6,1986,2,41,37,38,32,45,Male
6043,3114,1339,1590,878,9,2004,2,73,42.875,30.5,28,25,Male
7470,869,2694,3907,1612,6,2010,4,10,45.66666667,18,30,30,Male
9231,6834,0,2397,1315,18,2009,1,11,52.77777778,37,37,39,Female
5009,2557,345,2107,311,5,2007,3,46,37.5,43.5,45,38,Female
8747,4508,833,3406,814,3,2009,3,5,27,35,27,29,Female
6567,1503,3002,2062,600,6,2009,5,33,40,24,29,28,Male
6197,397,965,4835,4202,3,2007,3,118,51.66666667,44.66666667,70,61,Male
4019,844,258,2917,2456,4,2006,3,10,37.33333333,37,37,38,Female
7495,2846,2213,2436,1500,5,2006,4,46,43.4,43,42,58,Male
6390,3622,245,2523,2278,7,1999,1,19,39.4,53,29,53,Male
6341,1980,3117,1244,282,6,2000,5,115,50.25,45,47,36,Male
11116,6288,1831,2997,1781,10,1996,3,39,50.33333333,32,56,32,Male
6206,1205,2767,2234,842,4,2009,3,7,42,35.66666667,53,38,Male
5271,2190,365,2716,2391,12,1994,2,191,38.11111111,39,48,48,Female
9104,4544,744,3816,215,5,1980,2,258,38.25,30,31,34,Female
4769,2294,1120,1355,707,9,2010,4,4,53.42857143,45.66666667,64,39,Male
7878,1559,2672,3647,975,6,1997,1,144,53.75,30,41,30,Male
6596,2166,1158,3272,1967,6,2010,7,7,41.5,39.16666667,36,42,Female
10043,5712,307,4024,3827,9,2010,2,49,40.83333333,55,55,55,Male
9582,6148,556,2878,2478,9,1999,2,26,43.14285714,44.5,44,43,Male
9429,5649,2552,1228,619,12,2004,9,76,38.83333333,32.14285714,40,32,Male
3536,952,755,1829,1074,4,2010,1,43,40.33333333,37,42,37,Male
4556,3019,0,1537,813,9,2009,1,45,56.25,32,32,33,Female
7193,2089,1138,3966,2950,8,2013,2,29,45.4,41,44,41,Male
6978,2304,1174,3500,2432,6,1993,2,133,48.6,40,46,44,Male
4563,2538,665,1360,695,8,2009,1,34,45.2,37,39,37,Male
4555,1111,979,2465,2036,4,2010,4,277,38.25,43,48,17,Male
7074,2741,2164,2169,1175,5,2006,4,166,38.4,37,57,46,Female
10235,4290,1823,4122,2840,11,2005,7,13,45.42857143,33.85714286,20,53,Female
6965,2982,938,3045,1850,4,2008,2,16,41.25,42.5,23,30,Female
5612,1578,2043,1991,1517,6,2003,3,13,50,46.66666667,28,49,Female
10827,5046,701,5080,4672,10,2010,2,47,48.875,29,54,29,Male
3524,1042,1262,1220,434,4,2006,2,49,46.66666667,24,41,12,Male
6650,3394,1152,2104,1573,7,2003,3,249,47,38.33333333,63,50,Male
14678,5659,1604,7415,4201,7,2000,6,203,42.83333333,39,33,64,Female
19338,5736,6765,6837,4214,5,1982,6,13,55.4,44.66666667,61,48,Male
6266,3501,565,2200,680,7,1973,3,195,42.83333333,28,41,34,Female
6214,3875,727,1612,1106,10,2010,2,113,49.44444444,34,43,28,Male
6027,1630,2802,1595,694,4,1998,7,74,26.33333333,27.83333333,18,23,Female
5106,2035,1672,1399,493,5,2002,4,23,40.4,42,48,43,Male
9566,5113,864,3589,2911,9,2013,2,3,41.375,47,37,49,Male
6222,2491,824,2907,2211,5,1991,2,86,38.8,31.5,42,34,Male
4496,1805,499,2192,903,2,2005,4,121,34,24.33333333,43,34,Female
11233,1580,7715,1938,1497,5,2010,9,41,45.2,43.22222222,61,36,Female
6197,2753,1333,2111,1253,7,1994,4,45,48.85714286,31.5,34,28,Male
4268,1894,1501,873,164,5,1982,6,107,19,23,23,19,Female
5157,1816,2105,1236,306,8,1986,6,44,35.42857143,25.5,38,22,Male
2096,1148,397,551,261,5,1993,2,33,37.5,37,58,43,Male
10518,1722,6206,2590,1823,6,1991,9,165,40,48.22222222,25,32,Female
1672,0,832,840,202,1,2005,2,149,43,39,43,39,Male
8641,4510,1493,2638,1342,9,1999,2,122,36.66666667,38.5,46,50,Male
7486,1930,675,4881,4641,5,1997,3,91,49.2,51.5,53,66,Male
10950,4193,2419,4338,2324,11,1999,3,176,47.57142857,34.5,45,41,Male
7091,1155,1154,4782,3967,3,2010,2,67,38,29.5,35,28,Male
12645,8871,962,2812,2313,15,1972,3,690,43.26666667,31.33333333,32,26,Male
16793,9284,2346,5163,4191,16,1974,5,266,40.66666667,29.75,34,28,Male
13906,3157,2850,7899,5528,7,1990,4,96,46.6,28.33333333,36,36,Male
7421,4199,750,2472,1722,12,2010,1,38,42.6,42,40,42,Male
3677,1827,572,1278,472,5,2007,3,73,43.75,23,18,64,Female
3296,1655,783,858,182,5,1988,5,37,54.4,19.66666667,25,44,Female
3788,1160,1774,854,220,5,2002,4,45,24.6,24.25,30,25,Male
3053,1352,661,1040,379,5,1990,1,11,38.2,26,29,26,Male
12708,7809,2015,2884,1633,10,2009,4,350,42.22222222,19.25,20,19,Male
10804,4155,2673,3976,1717,11,1988,6,2,30.88888889,27.2,17,19,Female
4672,875,1786,2011,929,3,2008,4,2,51.33333333,34.33333333,37,52,Male
10118,661,5216,4241,566,4,2013,5,27,38.66666667,33,39,29,Male
8174,4370,1261,2543,944,12,1992,4,40,37.5,28.5,36,36,Female
4073,1695,589,1789,1331,6,2012,3,6,53.16666667,45.66666667,67,50,Female
7158,3990,829,2339,1510,7,2003,1,97,30.4,54,17,54,Male
6833,3599,1733,1501,371,6,1987,5,22,47.8,34.66666667,46,37,Female
12030,1699,1793,8538,7665,5,2007,3,17,38.75,44.5,29,31,Male
6097,2244,1816,2037,471,3,1999,2,69,35,24.5,48,23,Male
11918,6739,1175,4004,285,4,2010,4,33,53,35,34,41,Female
6077,3384,1207,1486,701,10,1981,4,56,51.125,32.5,33,59,Female
6199,2756,2062,1381,416,7,2003,8,7,47.66666667,41.14285714,36,53,Female
8482,804,2709,4969,2402,4,2007,2,15,49.25,27.5,42,30,Male
4167,2170,1027,970,116,6,2003,2,74,39.33333333,28.5,37,31,Male
8229,2886,1400,3943,2829,8,2006,3,0,39.75,34,35,34,Male
9791,1622,5072,3097,2231,4,2005,5,44,54.5,55.6,33,34,Female
7933,2808,2507,2618,491,14,2007,3,8,39.58333333,49.33333333,61,32,Male
12004,3297,649,8058,7523,9,2009,2,38,43.5,40,39,32,Male
14698,8785,2050,3863,2365,16,2009,3,140,40.73333333,26,53,26,Male
8565,2761,1613,4191,3622,8,2010,4,7,39.83333333,32.25,18,19,Male
5292,232,2881,2179,544,2,2010,2,0,43.5,41.5,43,42,Male
5357,1469,1953,1935,376,3,1983,2,116,27.33333333,26,29,30,Male
8081,3712,2451,1918,286,6,1987,4,46,33.4,39.25,27,50,Male
5705,3416,1157,1132,802,10,2003,4,50,30.57142857,30.25,25,46,Male
7462,4207,1596,1659,352,7,1997,2,434,47,25,45,37,Male
7369,3730,1121,2518,1531,6,1984,2,235,38.16666667,37,23,37,Male
4155,1858,476,1821,1615,7,2013,3,1,50.16666667,37.5,27,51,Male
8746,2798,2702,3246,915,9,1992,3,1,44.5,19,35,27,Male
8581,3461,1338,3782,2941,11,2001,3,77,44.88888889,45,42,32,Male
9986,2772,1878,5336,3808,7,1979,2,367,50.71428571,30.5,42,30,Male
7923,3954,1696,2273,1180,6,2013,5,14,45.6,31,45,14,Male
12940,4165,2320,6455,4135,7,2004,1,55,40.66666667,69,48,69,Male
10936,6422,1378,3136,1758,12,1992,1,151,40.22222222,34,35,34,Male
3353,1106,731,1516,1150,7,1988,3,17,49.28571429,44.5,49,40,Male
12056,5369,2299,4388,2924,7,1985,3,37,34.33333333,21.5,23,18,Male
5400,314,2155,2931,776,2,1994,1,67,44.5,13,53,13,Male
6630,1552,1923,3155,2181,2,2010,3,58,41,45,25,32,Female
5705,1262,2891,1552,597,5,2006,8,7,45.2,39.42857143,33,31,Male
8187,2697,2852,2638,691,6,2006,3,79,50.5,22,43,34,Male
5605,1600,760,3245,2862,4,1976,3,102,39.25,29,34,24,Male
11486,5300,1193,4993,4468,9,2007,5,5,30.25,23.75,26,31,Male
5832,2351,1852,1629,433,4,2003,3,30,49.25,38.33333333,35,32,Male
4951,2301,685,1965,1662,4,2012,3,233,43.25,50.33333333,38,30,Male
7164,3745,1733,1686,519,7,1987,2,71,28.71428571,30.5,16,39,Male
3542,1857,859,826,302,7,1997,3,7,46.71428571,28.66666667,22,29,Male
5875,1450,2303,2122,305,6,2000,3,27,51,36.33333333,30,29,Male
8954,2560,3495,2899,2241,9,2010,8,1,49.28571429,39,34,55,Female
7181,2635,1856,2690,2142,9,2004,7,9,57,27.5,23,57,Female
5753,3712,693,1348,1022,14,1996,3,74,45,31,59,31,Male
8614,1743,1973,4898,3636,4,1994,2,212,51,40.5,38,32,Male
7479,989,3692,2798,2174,2,2004,7,120,34.5,24.85714286,18,26,Female
5539,1686,2595,1258,431,4,2005,5,77,49.5,39.2,26,46,Female
7267,5538,103,1626,1523,11,1990,1,56,29.09090909,26,31,26,Male
7440,3868,902,2670,1768,10,2007,1,61,47.66666667,47,46,47,Male
6581,4573,197,1811,66,9,1998,2,93,45.28571429,33,23,43,Female
5129,2833,1569,727,43,12,1995,4,75,30.45454545,29.75,52,28,Male
12393,5129,2088,5176,1324,3,1996,4,81,55,49.5,54,47,Female
9221,1556,5776,1889,1176,4,2009,12,1,60.25,37.41666667,51,61,Female
8783,1971,2182,4630,2985,6,2002,4,52,50.6,43.25,53,38,Male
3484,1006,627,1851,1156,2,1996,4,19,41.5,48.75,62,27,Female
6292,1284,3499,1509,139,3,2008,4,123,43,43.5,40,41,Male
10085,5032,1655,3398,2126,12,1994,5,34,43.90909091,31.5,14,42,Female
4319,1816,917,1586,669,7,1991,1,179,49.83333333,46,65,46,Male
2263,1351,339,573,153,4,1987,3,7,33.25,20.66666667,25,32,Female
8330,3406,2195,2729,1200,8,2013,3,18,60.66666667,81.33333333,43,84,Male
6315,1432,2956,1927,715,2,2010,5,2,27,37,25,27,Female
5706,1580,1139,2987,2355,4,1994,4,37,42.25,37,30,8,Female
2879,1119,1101,659,11,5,1988,3,104,25.75,18,20,19,Male
4031,1348,1611,1072,308,5,1989,4,48,28.4,31,29,23,Male
7023,2157,3206,1660,205,8,1987,6,99,29.125,31.83333333,33,23,Male
1368,130,709,529,148,2,1980,2,333,56,42,48,41,Male
25432,9224,2122,14086,12921,21,1995,6,27,51.05555556,39.5,58,39,Male
4468,204,2042,2222,1170,3,2009,2,1,30,44,19,39,Male
5504,1152,465,3887,3676,6,2007,3,44,39.5,41.5,45,30,Male
8229,4068,312,3849,3537,10,2000,1,73,45.66666667,42,39,42,Male
10532,4894,2671,2967,1505,7,1982,3,384,34.28571429,26,33,27,Male
5174,258,2496,2420,466,2,1981,2,372,67.5,59,76,74,Male
10553,4660,1939,3954,2138,11,1954,2,185,38.71428571,33.5,30,30,Male
6449,1777,1700,2972,1880,6,1997,2,10,41,30,49,32,Male
11491,3522,3234,4735,2900,7,1994,4,41,43,40.75,30,29,Female
9602,7140,160,2302,2142,15,1995,1,13,38.23076923,38,28,38,Male
8018,5014,238,2766,860,9,1993,3,212,53,26,26,39,Female
10271,6524,1860,1887,1209,9,2012,6,23,41.28571429,35.5,37,38,Male
7844,3988,1403,2453,1050,10,1968,1,172,43.7,46,45,46,Male
5697,3155,1156,1386,1012,7,1972,4,477,44.85714286,33.75,42,50,Male
6332,2202,1955,2175,1007,5,2002,6,15,52.6,37.6,30,41,Female
9223,5501,1292,2430,1540,8,2006,2,70,55.125,23,38,22,Male
7769,3864,1132,2773,1850,13,2009,2,112,47.54545455,36.5,46,34,Male
10653,5295,2313,3045,1829,7,2000,4,11,48.4,28.5,49,25,Male
12807,8559,951,3297,2917,11,1994,3,51,53.1,45.66666667,37,37,Male
3808,559,1688,1561,753,2,2010,3,2,32.5,45,42,62,Male
7653,4786,1054,1813,759,10,2007,1,260,51.71428571,43,38,43,Male
8499,3701,2897,1901,637,6,2005,3,39,34.6,30,34,26,Male
8121,2199,3211,2711,549,6,2000,2,5,36.5,49,29,68,Male
5459,1841,1748,1870,906,8,2000,3,52,59.28571429,34.5,40,30,Male
5942,1792,911,3239,1848,4,2002,5,193,38.66666667,29,34,28,Female
9464,3969,3172,2323,280,10,1996,3,91,33.5,38.66666667,22,17,Male
9782,4667,2474,2641,1424,9,2002,4,9,28.5,40.75,25,24,Male
8131,1975,2939,3217,1047,5,1989,3,45,31.4,19.66666667,23,19,Male
8746,5751,1190,1805,519,9,2001,3,109,35.88888889,28,25,55,Female
7426,2929,2932,1565,695,4,1996,6,202,33,24.75,23,26,Female
6616,1784,1138,3694,2556,5,1989,1,128,38.4,35,49,35,Male
8896,4362,603,3931,2843,11,2010,3,65,54.85714286,41,45,57,Female
4912,1466,1008,2438,1572,5,2013,2,1,27.66666667,17,29,17,Male
7841,5154,1116,1571,1122,12,1985,4,81,41.90909091,34.5,38,40,Male
9383,3978,1930,3475,1732,5,1998,2,30,44.75,34,43,34,Male
5713,1571,1047,3095,2187,4,2009,2,10,32.5,49,49,49,Male
14822,8471,1549,4802,3811,10,1995,3,16,40.875,36.33333333,56,51,Male
3081,1905,0,1176,62,5,1977,1,495,40,31,31,40,Female
4082,1808,793,1481,392,2,2002,2,22,39,35,33,33,Female
14590,6405,3737,4448,1340,10,1959,4,426,52,33.75,34,33,Male
9087,4219,1247,3621,1310,5,2005,4,42,43,46.75,37,42,Female
4201,883,1072,2246,1748,4,2010,3,69,28,49,28,24,Male
8445,4520,1131,2794,1663,9,2000,1,146,55.22222222,41,70,41,Male
5710,2717,1491,1502,622,7,1979,3,285,43.85714286,41.66666667,32,31,Male
6665,3306,1134,2225,1404,11,1984,3,197,49.1,55.66666667,53,28,Male
9163,4488,1852,2823,1218,12,1986,2,257,52.33333333,44.5,55,35,Male
6756,4180,532,2044,1668,9,1989,2,120,53.33333333,47,58,57,Male
8970,5467,1493,2010,1441,10,1994,5,157,50.4,38,54,39,Male
8254,5075,363,2816,2453,10,1998,1,130,46.4,43,58,43,Male
10041,5496,736,3809,3329,8,2002,2,64,49,40.5,62,47,Male
6759,2028,1290,3441,2676,4,2005,3,4,41.25,42,34,37,Male
9650,3144,3088,3418,1511,5,2010,2,1,54,46,67,35,Male
5310,2059,1781,1470,505,5,2002,2,96,30.8,45.5,41,46,Male
4867,2243,862,1762,750,7,1980,4,349,45.85714286,34.5,32,42,Female
9697,4306,2931,2460,948,9,1983,6,165,45.85714286,42.6,43,31,Male
6304,1912,2001,2391,1249,8,1987,2,34,44.42857143,32.5,57,26,Male
7993,4618,500,2875,503,6,2007,4,66,41,29,41,44,Female
8507,933,3408,4166,900,4,2001,2,38,48.25,30,37,26,Male
4360,1499,1331,1530,199,4,1991,1,423,37,35,14,35,Male
5681,2080,1015,2586,1944,7,1983,4,298,28.5,28,28,28,Female
7474,2359,973,4142,3295,6,1981,2,13,45.33333333,46,41,38,Male
12355,7672,1891,2792,185,13,1997,6,1249,42.6,48.33333333,22,23,Female
11944,5454,2716,3774,1540,7,2010,2,101,47.5,25.5,38,28,Male
9545,4957,2429,2159,1054,10,2010,6,457,66.33333333,42.5,54,48,Male
10944,4120,707,6117,5568,8,1989,2,19,38.625,31,42,31,Male
1522,734,111,677,566,4,2010,1,331,26.25,22,24,22,Male
16854,9276,1036,6542,2986,10,2009,6,344,28.9,22.6,19,17,Female
9357,5734,1691,1932,721,14,1992,8,8,38,31.14285714,25,36,Female
11042,1872,5067,4103,1093,5,2009,6,10,34.5,37.4,30,37,Male
7598,3573,150,3875,2433,4,2008,2,34,31.66666667,51.5,43,42,Female
3152,750,303,2099,1751,4,1996,3,100,41.5,38.66666667,38,48,Female
6157,3468,1037,1652,622,7,1998,3,70,40,31.66666667,23,27,Female
11647,8099,325,3223,2898,10,1995,1,46,39,33,36,33,Male
3547,2599,235,713,106,9,2008,2,87,44.71428571,49,59,54,Female
11824,3788,4734,3302,406,4,2008,3,28,42,36.33333333,39,26,Male
3118,1447,628,1043,346,4,2004,3,159,39,33.33333333,23,30,Female
6919,3518,105,3296,1416,2,2011,2,1,32.5,51,51,46,Female
5451,2416,1431,1604,849,5,2009,3,89,38,45.33333333,12,55,Male
7460,1699,3239,2522,1940,4,2009,7,15,39.5,31.5,22,35,Female
8369,3755,1115,3499,2907,6,1988,2,325,49.2,38.5,46,34,Male
5426,2240,1217,1969,1228,6,2010,6,7,48.5,34.25,20,51,Female
3570,2130,682,758,366,8,2003,3,310,42.875,23,57,37,Male
8610,2291,1527,4792,3984,6,1974,3,401,47.25,29.5,41,27,Male
10931,5344,1611,3976,2350,9,2009,4,12,46,37.25,26,28,Female
8394,846,4567,2981,2657,4,1995,6,46,34.66666667,35.5,40,42,Female
8589,2039,2516,4034,3124,5,1985,4,7,43.6,41.75,39,39,Male
6890,1800,2787,2303,103,7,1990,4,1,42,30.5,36,24,Male
4252,1678,1842,732,127,7,2005,4,396,36.42857143,30,18,10,Male
6103,2553,1289,2261,1144,4,1999,5,22,27,36,41,48,Female
6579,1287,3621,1671,246,4,1996,4,43,43,33.5,35,24,Male
8236,1661,1729,4846,3289,6,1991,2,184,35.4,46,46,45,Male
8090,1991,4362,1737,503,4,2003,7,16,41.25,36.33333333,43,33,Male
14523,7740,1384,5399,4670,11,1998,3,56,41.1,31.33333333,28,34,Male
3753,1662,681,1410,873,5,1994,2,23,42.75,35.5,56,34,Male
3157,501,1381,1275,975,2,1998,4,86,32.5,31.5,34,39,Female
4833,2658,1042,1133,501,6,1987,3,84,49.66666667,32.66666667,34,25,Male
6699,2960,1241,2498,1853,6,2003,2,1,44.83333333,30,44,20,Male
9293,2939,2691,3663,1706,4,1988,5,135,40.75,33,31,46,Female
6375,4731,0,1644,91,8,2014,1,6,56.16666667,37,37,67,Female
13732,5452,3140,5140,2247,6,2010,3,3,58.5,56,54,61,Female
11600,3380,4167,4053,3070,6,2013,6,40,56.5,42.66666667,64,42,Female
15227,1075,7250,6902,352,4,2013,3,8,48.33333333,56,43,44,Male
8815,2492,3023,3300,2417,4,2014,5,45,48.33333333,43,63,26,Male
16388,6027,5713,4648,1820,10,2014,8,27,31,26.25,44,46,Male
8699,4074,272,4353,4081,14,2015,1,74,58.75,47,59,47,Male
9881,3285,3189,3407,1907,5,2015,11,31,41,33.75,21,25,Female
8483,2848,1952,3683,2776,5,2015,4,5,60.6,46.33333333,75,57,Male
9975,7000,401,2574,1379,12,2014,3,4,33.66666667,27.5,31,29,Female
5993,320,2740,2933,2613,1,2013,8,18,40,42.25,52,40,Female
4111,2264,638,1209,792,4,2015,2,12,34.5,24.5,30,23,Male
7202,2029,264,4909,4645,6,2014,1,32,42,49,38,49,Male
7574,665,2790,4119,3454,1,2015,6,7,71,46.33333333,76,71,Female
5600,478,3558,1564,442,3,2012,5,6,54.5,43.25,62,48,Male
8722,1552,3149,4021,2801,3,2015,6,7,52.5,66.33333333,72,33,Female
6773,4937,240,1596,627,11,2014,2,97,42.625,28,29,68,Female
7627,0,3266,4361,2155,1,2014,5,1,47,61,47,36,Male
4907,1255,2515,1137,669,4,2014,8,136,26,48.28571429,31,34,Female
6855,2019,2031,2805,1815,3,2015,4,367,50.66666667,48.5,44,59,Female
8935,2596,827,5512,4804,5,2013,2,1,31.4,33.5,36,31,Male
3629,565,617,2447,2219,3,2014,4,3,52,44,55,50,Female
8278,3667,2296,2315,920,10,2014,5,2,48,51,61,50,Male
5360,1087,1274,2999,1725,6,2006,1,1,35.5,35,30,35,Male
9699,1938,2373,5388,4024,5,2015,3,6,29.8,35,24,22,Male
11345,1740,5433,4172,3301,2,2015,6,2,38,36.8,32,38,Female
8417,2128,3117,3172,1599,11,2014,6,4,55.83333333,57.4,57,63,Male
10089,1843,2094,6152,4840,5,2014,3,34,42,60,34,60,Male
4184,1796,752,1636,1191,7,2014,2,2,49.2,38.5,46,32,Male
6548,1278,3380,1890,907,3,2010,7,4,42,55.8,51,50,Female
11207,4963,1843,4401,2558,9,2012,1,8,48,55,42,55,Male
7882,2924,1120,3838,1950,5,2015,4,10,43,43.25,26,9,Female
1371,186,867,318,132,1,2012,4,15,32,23.25,24,32,Female
7134,2516,1924,2694,1671,5,2014,4,46,48.66666667,51,64,44,Male
20347,5193,4711,10443,7446,6,2015,3,18,45,31,38,40,Male
5886,2447,1688,1751,795,7,2015,4,4,50.4,39.75,30,60,Female
3832,1323,639,1870,1231,3,2010,1,39,60,35,49,35,Male
8020,3058,1679,3283,1886,6,2014,7,1,30.4,41.71428571,26,28,Female
3906,2822,0,1084,23,6,2014,1,54,39.5,16,16,15,Female
5892,2355,873,2664,2116,3,2013,2,200,38,70.5,49,54,Male
9212,2625,2130,4457,2756,3,2015,5,1,46.5,33.33333333,23,39,Female
12719,5997,724,5998,5274,12,2014,1,35,54.5,65,43,65,Male
10392,5015,1730,3647,2641,5,2013,3,155,46.75,29.33333333,38,28,Male
4934,883,1220,2831,2534,4,2015,8,0,54.66666667,62,81,66,Female
9388,6371,1449,1568,1123,14,2015,7,62,45,40,41,51,Male
5793,2205,1694,1894,396,9,2014,2,38,42.5,35.5,32,31,Male
11542,7001,849,3692,1760,14,2015,4,2,57.1,46.25,46,79,Female
9848,3869,1499,4480,3436,7,2014,2,8,46.6,34.5,49,29,Male
11481,2918,4796,3767,290,11,2015,4,34,50.36363636,50.5,39,70,Male
7074,1858,1741,3475,1852,4,2012,2,206,42.33333333,37.5,47,42,Male
8345,3796,1287,3262,2113,7,2015,2,2,55.16666667,36,76,45,Male
8545,5043,1294,2208,1134,8,1997,2,187,45.875,36.5,34,27,Male
2402,474,704,1224,973,3,1998,4,158,37.33333333,27.33333333,49,38,Male
4541,1570,1892,1079,423,4,1959,4,880,52.75,56.75,69,46,Female
3963,1579,1225,1159,621,4,1999,3,292,53,39.33333333,29,39,Female
4589,2280,179,2130,1951,3,1999,1,241,25,65,26,65,Male
5732,2882,699,2151,1452,6,2001,1,222,31.83333333,21,28,21,Male
5708,2936,1301,1471,549,6,1996,2,196,49.5,60,63,34,Male
7585,3940,1191,2454,2027,10,1998,3,12,35,31.66666667,29,24,Male
12304,6664,1095,4545,3999,10,1999,3,234,47.4,49.33333333,43,38,Male
8412,1905,1044,5463,4835,7,1997,3,109,47.33333333,47,45,37,Male
10342,4552,2035,3755,2047,7,2004,2,140,45.5,41.5,74,30,Male
7362,3192,1765,2405,1728,9,1984,5,13,41.14285714,31.75,41,23,Male
9053,4381,1512,3160,1760,8,1949,2,8,45.5,54.5,44,28,Male
6614,3587,946,2081,1135,6,1958,1,38,52.33333333,31,43,31,Male
1351,156,406,789,383,2,2015,1,81,49,39,49,39,Male
8983,4994,583,3406,2823,5,2013,1,80,55.6,38,42,38,Male
9261,807,4864,3590,451,4,2014,2,51,45.75,42,41,40,Male
2360,1321,250,789,539,4,2011,1,50,53,55,62,55,Male
8617,2149,1575,4893,3759,4,2006,3,181,43.25,28.33333333,40,33,Male
8174,4074,1042,3058,2016,6,2013,1,128,46.83333333,37,35,37,Male
6917,3201,487,3229,2877,8,2013,2,114,41.83333333,46.5,57,54,Male
7421,3703,674,3044,222,3,2011,3,61,48,34.33333333,28,30,Female
8266,1999,1702,4565,3220,5,2014,2,97,50.5,50,51,37,Male
6134,2273,2086,1775,561,4,2006,4,97,36.25,37.25,15,16,Male
10665,5968,305,4392,4087,13,2013,1,9,33.16666667,27,44,27,Male
4461,1839,1109,1513,917,6,2012,4,46,39.6,29.75,37,35,Female
8622,4048,2453,2121,14,5,2012,5,26,45.2,39.25,23,38,Female
7618,4039,2019,1560,769,6,2011,3,156,42,32.66666667,47,27,Male
7149,2755,1858,2536,1840,7,2013,5,75,45.42857143,35.75,49,29,Male
7368,2763,1229,3376,2805,10,2006,3,196,49.16666667,36.66666667,39,32,Male
3951,1806,999,1146,147,5,2010,1,74,49,35,47,35,Male
8036,4223,1748,2065,656,10,2013,2,78,50.33333333,25,33,36,Male
9351,3653,2276,3422,2209,9,2014,3,200,49.88888889,34.33333333,45,32,Male
1986,113,899,974,288,2,1995,2,214,61.5,46,42,61,Male
1726,367,127,1232,1105,3,1981,1,194,48.66666667,33,54,33,Male
2398,761,303,1334,1166,5,1973,2,174,43.2,31,46,24,Male
8404,5820,632,1952,187,6,1992,2,172,37.16666667,24,21,34,Female
2750,547,1326,877,356,2,2000,3,53,27.5,27.66666667,28,25,Male
3994,2757,462,775,52,8,1996,3,32,42.85714286,38.5,29,32,Female
11946,5801,2735,3410,1536,13,2007,4,32,44.09090909,50,38,48,Male
